audio,text,ruby_text
VOICEACTRESS100_001.wav,また、東寺のように、五大明王と呼ばれる、主要な明王の中央に配されることも多い。,また、<ruby>東寺<rt>とーじ</rt></ruby>のように、<ruby>五<rt>ご</rt></ruby><ruby>大<rt>だい</rt></ruby><ruby>明王<rt>みょーおー</rt></ruby>と<ruby>呼ば<rt>よば</rt></ruby>れる、<ruby>主要<rt>しゅよー</rt></ruby>な<ruby>明王<rt>みょーおー</rt></ruby>の<ruby>中央<rt>ちゅーおー</rt></ruby>に<ruby>配さ<rt>はいさ</rt></ruby>れることも<ruby>多い<rt>おーい</rt></ruby>。
VOICEACTRESS100_002.wav,ニューイングランド風は、牛乳をベースとした、白いクリームスープであり、ボストンクラムチャウダーとも呼ばれる。,ニューイングランド<ruby>風<rt>ふー</rt></ruby>は、<ruby>牛乳<rt>ぎゅーにゅー</rt></ruby>をベースとした、<ruby>白い<rt>しろい</rt></ruby>クリームスープであり、ボストンクラムチャウダーとも<ruby>呼ば<rt>よば</rt></ruby>れる。
VOICEACTRESS100_003.wav,コンピュータゲームのメーカーや、業界団体などに関連する人物のカテゴリ。,コンピュータゲームのメーカーや、<ruby>業界<rt>ぎょーかい</rt></ruby><ruby>団体<rt>だんたい</rt></ruby>などに<ruby>関連<rt>かんれん</rt></ruby>する<ruby>人物<rt>じんぶつ</rt></ruby>のカテゴリ。
VOICEACTRESS100_004.wav,サービスマネージャー導入駅のため、大井町駅から、遠隔管理している。,サービスマネージャー<ruby>導入<rt>どーにゅー</rt></ruby><ruby>駅<rt>えき</rt></ruby>のため、<ruby>大井<rt>おーい</rt></ruby><ruby>町<rt>ちょー</rt></ruby><ruby>駅<rt>えき</rt></ruby>から、<ruby>遠隔<rt>えんかく</rt></ruby><ruby>管理<rt>かんり</rt></ruby>している。
VOICEACTRESS100_005.wav,シルバーサーファー襲撃事件までに、リチャーズは、チーム名と共に、国際的にスーパーヒーロー、および、有名人として、認知されている。,シルバーサーファー<ruby>襲撃<rt>しゅーげき</rt></ruby><ruby>事件<rt>じけん</rt></ruby>までに、リチャーズは、チーム<ruby>名<rt>めー</rt></ruby>と<ruby>共<rt>とも</rt></ruby>に、<ruby>国際<rt>こくさい</rt></ruby><ruby>的<rt>てき</rt></ruby>にスーパーヒーロー、および、<ruby>有名<rt>ゆーめー</rt></ruby><ruby>人<rt>にん</rt></ruby>として、<ruby>認知<rt>にんち</rt></ruby>されている。
VOICEACTRESS100_006.wav,ツュレンハルト領は、ヴュルテンベルク領に編入された。,ツュレンハルト<ruby>領<rt>りょー</rt></ruby>は、ヴュルテンベルク<ruby>領<rt>りょー</rt></ruby>に<ruby>編入<rt>へんにゅー</rt></ruby>された。
VOICEACTRESS100_007.wav,時間領域と、空間領域で共通する処理手法は、フィルタリングによる、入力信号の強化である。,<ruby>時間<rt>じかん</rt></ruby><ruby>領域<rt>りょーいき</rt></ruby>と、<ruby>空間<rt>くーかん</rt></ruby><ruby>領域<rt>りょーいき</rt></ruby>で<ruby>共通<rt>きょーつー</rt></ruby>する<ruby>処理<rt>しょり</rt></ruby><ruby>手法<rt>しゅほー</rt></ruby>は、フィルタリングによる、<ruby>入力<rt>にゅーりょく</rt></ruby><ruby>信号<rt>しんごー</rt></ruby>の<ruby>強化<rt>きょーか</rt></ruby>である。
VOICEACTRESS100_008.wav,シャンチーの専業プロは、チームから支払われる給料と、対局費を、主な収入としている。,シャンチーの<ruby>専業<rt>せんぎょー</rt></ruby>プロは、チームから<ruby>支払わ<rt>しはらわ</rt></ruby>れる<ruby>給料<rt>きゅーりょー</rt></ruby>と、<ruby>対局<rt>たいきょく</rt></ruby><ruby>費<rt>ひ</rt></ruby>を、<ruby>主な<rt>おもな</rt></ruby><ruby>収入<rt>しゅーにゅー</rt></ruby>としている。
VOICEACTRESS100_009.wav,また禰寝氏は、中山王の治める、琉球王国との交易にも参加した。,また<ruby>禰寝<rt>ねじめ</rt></ruby><ruby>氏<rt>し</rt></ruby>は、<ruby>中山<rt>なかやま</rt></ruby><ruby>王<rt>おー</rt></ruby>の<ruby>治める<rt>おさめる</rt></ruby>、<ruby>琉球<rt>りゅーきゅー</rt></ruby><ruby>王国<rt>おーこく</rt></ruby>との<ruby>交易<rt>こーえき</rt></ruby>にも<ruby>参加<rt>さんか</rt></ruby>した。
VOICEACTRESS100_010.wav,スマートフォンから、フィーチャーフォンまで、マルチデバイスに対応。,スマートフォンから、フィーチャーフォンまで、マルチデバイスに<ruby>対応<rt>たいおー</rt></ruby>。
VOICEACTRESS100_011.wav,軽妙洒脱なナレーションから、情緒感溢れる語りまで、幅広い表現力を持つ。,<ruby>軽妙<rt>けーみょー</rt></ruby><ruby>洒脱<rt>しゃだつ</rt></ruby>なナレーションから、<ruby>情緒<rt>じょーちょ</rt></ruby><ruby>感<rt>かん</rt></ruby><ruby>溢れる<rt>あふれる</rt></ruby><ruby>語り<rt>かたり</rt></ruby>まで、<ruby>幅広い<rt>はばひろい</rt></ruby><ruby>表現<rt>ひょーげん</rt></ruby><ruby>力<rt>りょく</rt></ruby>を<ruby>持つ<rt>もつ</rt></ruby>。
VOICEACTRESS100_012.wav,構造は、鋼製の単一アーチで、橋脚は、石積みである。,<ruby>構造<rt>こーぞー</rt></ruby>は、<ruby>鋼製<rt>こーせー</rt></ruby>の<ruby>単一<rt>たんいつ</rt></ruby>アーチで、<ruby>橋脚<rt>きょーきゃく</rt></ruby>は、<ruby>石積み<rt>いしつみ</rt></ruby>である。
VOICEACTRESS100_013.wav,そこへ、オーナーが新しいシェフとして、腕利きのヒョヌクを招く。,そこへ、オーナーが<ruby>新しい<rt>あたらしー</rt></ruby>シェフとして、<ruby>腕利き<rt>うできき</rt></ruby>のヒョヌクを<ruby>招く<rt>まねく</rt></ruby>。
VOICEACTRESS100_014.wav,クィーンズアベニューアルファに所属している。,クィーンズアベニューアルファに<ruby>所属<rt>しょぞく</rt></ruby>している。
VOICEACTRESS100_015.wav,一方で、漁業と商業で、リャネス港は繁栄していた。,<ruby>一方<rt>いっぽー</rt></ruby>で、<ruby>漁業<rt>ぎょぎょー</rt></ruby>と<ruby>商業<rt>しょーぎょー</rt></ruby>で、リャネス<ruby>港<rt>こー</rt></ruby>は<ruby>繁栄<rt>はんえー</rt></ruby>していた。
VOICEACTRESS100_016.wav,この、ニューサウスウェールズ代表チームが、ワラビーズの中核となって行く。,この、ニューサウスウェールズ<ruby>代表<rt>だいひょー</rt></ruby>チームが、ワラビーズの<ruby>中核<rt>ちゅーかく</rt></ruby>となって<ruby>行く<rt>いく</rt></ruby>。
VOICEACTRESS100_017.wav,ただし、ギャンブル依存症の入院治療を行っている病院は、わずかである。,ただし、ギャンブル<ruby>依存<rt>いぞん</rt></ruby><ruby>症<rt>しょー</rt></ruby>の<ruby>入院<rt>にゅーいん</rt></ruby><ruby>治療<rt>ちりょー</rt></ruby>を<ruby>行っ<rt>おこなっ</rt></ruby>ている<ruby>病院<rt>びょーいん</rt></ruby>は、わずかである。
VOICEACTRESS100_018.wav,他のメジャーなディストリビューションに比べ、セキュリティー上の問題の修正が、遅い場合もある。,<ruby>他<rt>ほか</rt></ruby>のメジャーなディストリビューションに<ruby>比べ<rt>くらべ</rt></ruby>、セキュリティー<ruby>上<rt>じょー</rt></ruby>の<ruby>問題<rt>もんだい</rt></ruby>の<ruby>修正<rt>しゅーせー</rt></ruby>が、<ruby>遅い<rt>おそい</rt></ruby><ruby>場合<rt>ばあい</rt></ruby>もある。
VOICEACTRESS100_019.wav,ベルガートーア前の、ヴェディゲンウーファーパークには、戦争と弾圧の犠牲者のための記念碑が建っている。,ベルガートーア<ruby>前<rt>まえ</rt></ruby>の、ヴェディゲンウーファーパークには、<ruby>戦争<rt>せんそー</rt></ruby>と<ruby>弾圧<rt>だんあつ</rt></ruby>の<ruby>犠牲<rt>ぎせー</rt></ruby><ruby>者<rt>しゃ</rt></ruby>のための<ruby>記念<rt>きねん</rt></ruby><ruby>碑<rt>ひ</rt></ruby>が<ruby>建っ<rt>たっ</rt></ruby>ている。
VOICEACTRESS100_020.wav,全米パブリッシャーズ協会の、ベストストラテジーゲームオブザイヤーを、日本人として受賞。,<ruby>全米<rt>ぜんべー</rt></ruby>パブリッシャーズ<ruby>協会<rt>きょーかい</rt></ruby>の、ベストストラテジーゲームオブザイヤーを、<ruby>日本<rt>にっぽん</rt></ruby><ruby>人<rt>にん</rt></ruby>として<ruby>受賞<rt>じゅしょー</rt></ruby>。
VOICEACTRESS100_021.wav,痛みは、点滴より鎮痛薬を、静脈投与することで、鎮痛を行う。,<ruby>痛み<rt>いたみ</rt></ruby>は、<ruby>点滴<rt>てんてき</rt></ruby>より<ruby>鎮痛<rt>ちんつー</rt></ruby><ruby>薬<rt>やく</rt></ruby>を、<ruby>静脈<rt>じょーみゃく</rt></ruby><ruby>投与<rt>とーよ</rt></ruby>することで、<ruby>鎮痛<rt>ちんつー</rt></ruby>を<ruby>行う<rt>おこなう</rt></ruby>。
VOICEACTRESS100_022.wav,このときに、浮遊大陸プルヴァマにある、中立国、ビュエルバが、ある情報筋から、バッシュ将軍の処刑と、前王女、アーシェの自害を発表。,このときに、<ruby>浮遊<rt>ふゆー</rt></ruby><ruby>大陸<rt>たいりく</rt></ruby>プルヴァマにある、<ruby>中立<rt>ちゅーりつ</rt></ruby><ruby>国<rt>こく</rt></ruby>、ビュエルバが、ある<ruby>情報<rt>じょーほー</rt></ruby><ruby>筋<rt>すじ</rt></ruby>から、バッシュ<ruby>将軍<rt>しょーぐん</rt></ruby>の<ruby>処刑<rt>しょけー</rt></ruby>と、<ruby>前<rt>ぜん</rt></ruby><ruby>王女<rt>おーじょ</rt></ruby>、アーシェの<ruby>自害<rt>じがい</rt></ruby>を<ruby>発表<rt>はっぴょー</rt></ruby>。
VOICEACTRESS100_023.wav,南西部ウォーレンは、ベイアーマンファームズと、フィッツジェラルドの地区で、構成される。,<ruby>南西<rt>なんせー</rt></ruby><ruby>部<rt>ぶ</rt></ruby>ウォーレンは、ベイアーマンファームズと、フィッツジェラルドの<ruby>地区<rt>ちく</rt></ruby>で、<ruby>構成<rt>こーせー</rt></ruby>される。
VOICEACTRESS100_024.wav,このため、プラズマ中のイオンや、電子の持つ、平均運動エネルギーを、温度で表現することがある。,このため、プラズマ<ruby>中<rt>ちゅー</rt></ruby>のイオンや、<ruby>電子<rt>でんし</rt></ruby>の<ruby>持つ<rt>もつ</rt></ruby>、<ruby>平均<rt>へーきん</rt></ruby><ruby>運動<rt>うんどー</rt></ruby>エネルギーを、<ruby>温度<rt>おんど</rt></ruby>で<ruby>表現<rt>ひょーげん</rt></ruby>することがある。
VOICEACTRESS100_025.wav,その飄々とした人柄が、老若男女に慕われている。,その<ruby>飄々<rt>ひょーひょー</rt></ruby>とした<ruby>人柄<rt>ひとがら</rt></ruby>が、<ruby>老若<rt>ろーにゃく</rt></ruby><ruby>男女<rt>だんじょ</rt></ruby>に<ruby>慕わ<rt>したわ</rt></ruby>れている。
VOICEACTRESS100_026.wav,現在、ニュージャージー州、ムーアズタウンに住んでいる。,<ruby>現在<rt>げんざい</rt></ruby>、ニュージャージー<ruby>州<rt>しゅー</rt></ruby>、ムーアズタウンに<ruby>住ん<rt>すん</rt></ruby>でいる。
VOICEACTRESS100_027.wav,町域にあった、三根山藩は、長岡藩に、米百俵を送ったことで有名。,<ruby>町域<rt>ちょーいき</rt></ruby>にあった、<ruby>三根<rt>みね</rt></ruby><ruby>山<rt>やま</rt></ruby><ruby>藩<rt>はん</rt></ruby>は、<ruby>長岡<rt>ながおか</rt></ruby><ruby>藩<rt>はん</rt></ruby>に、<ruby>米<rt>べー</rt></ruby><ruby>百<rt>ひゃく</rt></ruby><ruby>俵<rt>ひょー</rt></ruby>を<ruby>送っ<rt>おくっ</rt></ruby>たことで<ruby>有名<rt>ゆーめー</rt></ruby>。
VOICEACTRESS100_028.wav,このとき、ペリメーデーは、アムピクトリュオーンに同行して、テーバイに来ていた、リキュムニオスに、妻としてあたえられた。,このとき、ペリメーデーは、アムピクトリュオーンに<ruby>同行<rt>どーこー</rt></ruby>して、テーバイに<ruby>来<rt>き</rt></ruby>ていた、リキュムニオスに、<ruby>妻<rt>つま</rt></ruby>としてあたえられた。
VOICEACTRESS100_029.wav,現在の滑走を目的とした、スキーブーツは、硬いプラスチックシェルと、柔らかいインナーブーツからなる。,<ruby>現在<rt>げんざい</rt></ruby>の<ruby>滑走<rt>かっそー</rt></ruby>を<ruby>目的<rt>もくてき</rt></ruby>とした、スキーブーツは、<ruby>硬い<rt>かたい</rt></ruby>プラスチックシェルと、<ruby>柔らかい<rt>やわらかい</rt></ruby>インナーブーツからなる。
VOICEACTRESS100_030.wav,防氷ブーツは、表面に張られた、ゴム製の薄い膜でできている。,<ruby>防<rt>ぼー</rt></ruby><ruby>氷<rt>こーり</rt></ruby>ブーツは、<ruby>表面<rt>ひょーめん</rt></ruby>に<ruby>張ら<rt>はら</rt></ruby>れた、ゴム<ruby>製<rt>せー</rt></ruby>の<ruby>薄い<rt>うすい</rt></ruby><ruby>膜<rt>まく</rt></ruby>でできている。
VOICEACTRESS100_031.wav,後者の代表が、ウェッジウッドの、ジャスパーウェアである。,<ruby>後者<rt>こーしゃ</rt></ruby>の<ruby>代表<rt>だいひょー</rt></ruby>が、ウェッジウッドの、ジャスパーウェアである。
VOICEACTRESS100_032.wav,キー局が発信する、ニュースネットワーク名を冠したタイトルの、ニュース番組の中では、レギュラー放送が、最も多い。,キー<ruby>局<rt>きょく</rt></ruby>が<ruby>発信<rt>はっしん</rt></ruby>する、ニュースネットワーク<ruby>名<rt>めー</rt></ruby>を<ruby>冠し<rt>かんし</rt></ruby>たタイトルの、ニュース<ruby>番組<rt>ばんぐみ</rt></ruby>の<ruby>中<rt>なか</rt></ruby>では、レギュラー<ruby>放送<rt>ほーそー</rt></ruby>が、<ruby>最も<rt>もっとも</rt></ruby><ruby>多い<rt>おーい</rt></ruby>。
VOICEACTRESS100_033.wav,芸能プロダクション、アミューズのグループ企業。,<ruby>芸能<rt>げーのー</rt></ruby>プロダクション、アミューズのグループ<ruby>企業<rt>きぎょー</rt></ruby>。
VOICEACTRESS100_034.wav,長母音を省略して、エリュシオンとも表記される。,<ruby>長<rt>ちょー</rt></ruby><ruby>母音<rt>ぼいん</rt></ruby>を<ruby>省略<rt>しょーりゃく</rt></ruby>して、エリュシオンとも<ruby>表記<rt>ひょーき</rt></ruby>される。
VOICEACTRESS100_035.wav,森永のおいしい牛乳は、濃い青色に、牛乳瓶をあしらったデザインの、パック牛乳である。,<ruby>森永<rt>もりなが</rt></ruby>のおいしい<ruby>牛乳<rt>ぎゅーにゅー</rt></ruby>は、<ruby>濃い<rt>こい</rt></ruby><ruby>青色<rt>あおいろ</rt></ruby>に、<ruby>牛乳<rt>ぎゅーにゅー</rt></ruby><ruby>瓶<rt>びん</rt></ruby>をあしらったデザインの、パック<ruby>牛乳<rt>ぎゅーにゅー</rt></ruby>である。
VOICEACTRESS100_036.wav,番組冒頭を、東京ムービー製作のアニメーションで、表現する点も、共通していた。,<ruby>番組<rt>ばんぐみ</rt></ruby><ruby>冒頭<rt>ぼーとー</rt></ruby>を、<ruby>東京<rt>とーきょー</rt></ruby>ムービー<ruby>製作<rt>せーさく</rt></ruby>のアニメーションで、<ruby>表現<rt>ひょーげん</rt></ruby>する<ruby>点<rt>てん</rt></ruby>も、<ruby>共通<rt>きょーつー</rt></ruby>していた。
VOICEACTRESS100_037.wav,コミューンは、セーヌ川と、エソンヌ川の、合流地点となっている。,コミューンは、セーヌ<ruby>川<rt>かわ</rt></ruby>と、エソンヌ<ruby>川<rt>かわ</rt></ruby>の、<ruby>合流<rt>ごーりゅー</rt></ruby><ruby>地点<rt>ちてん</rt></ruby>となっている。
VOICEACTRESS100_038.wav,同時に、福井ミラクルエレファンツに、コーチ兼任で、入団することが発表された。,<ruby>同時<rt>どーじ</rt></ruby>に、<ruby>福井<rt>ふくい</rt></ruby>ミラクルエレファンツに、コーチ<ruby>兼任<rt>けんにん</rt></ruby>で、<ruby>入団<rt>にゅーだん</rt></ruby>することが<ruby>発表<rt>はっぴょー</rt></ruby>された。
VOICEACTRESS100_039.wav,夫である小室が、救急車を呼び、都内病院に、緊急搬送される。,<ruby>夫<rt>おっと</rt></ruby>である<ruby>小室<rt>こむろ</rt></ruby>が、<ruby>救急<rt>きゅーきゅー</rt></ruby><ruby>車<rt>しゃ</rt></ruby>を<ruby>呼び<rt>よび</rt></ruby>、<ruby>都内<rt>とない</rt></ruby><ruby>病院<rt>びょーいん</rt></ruby>に、<ruby>緊急<rt>きんきゅー</rt></ruby><ruby>搬送<rt>はんそー</rt></ruby>される。
VOICEACTRESS100_040.wav,ギレスピーは、マッギーを通じて、イネスと知り合った。,ギレスピーは、マッギーを<ruby>通じ<rt>つーじ</rt></ruby>て、イネスと<ruby>知り合っ<rt>しりあっ</rt></ruby>た。
VOICEACTRESS100_041.wav,フォンテーヌブロー様式では、寓意的な絵が、漆喰のモールドに使われている。,フォンテーヌブロー<ruby>様式<rt>よーしき</rt></ruby>では、<ruby>寓意<rt>ぐーい</rt></ruby><ruby>的<rt>てき</rt></ruby>な<ruby>絵<rt>え</rt></ruby>が、<ruby>漆喰<rt>しっくい</rt></ruby>のモールドに<ruby>使わ<rt>つかわ</rt></ruby>れている。
VOICEACTRESS100_042.wav,祭神は、ヴィシュヌ派の聖人、スワーミーナーラーヤン。,<ruby>祭神<rt>さいじん</rt></ruby>は、ヴィシュヌ<ruby>派<rt>は</rt></ruby>の<ruby>聖人<rt>せーじん</rt></ruby>、スワーミーナーラーヤン。
VOICEACTRESS100_043.wav,ハーデースが、ペルセポネーに恋をしたのは、アプロディーテーの、策略であるとされている。,ハーデースが、ペルセポネーに<ruby>恋<rt>こい</rt></ruby>をしたのは、アプロディーテーの、<ruby>策略<rt>さくりゃく</rt></ruby>であるとされている。
VOICEACTRESS100_044.wav,クウェーンバーンチャーンは、小さなコミュニティーで、農業や、商業を中心に、成り立っていたと、考えられている。,クウェーンバーンチャーンは、<ruby>小さな<rt>ちーさな</rt></ruby>コミュニティーで、<ruby>農業<rt>のーぎょー</rt></ruby>や、<ruby>商業<rt>しょーぎょー</rt></ruby>を<ruby>中心<rt>ちゅーしん</rt></ruby>に、<ruby>成り立っ<rt>なりたっ</rt></ruby>ていたと、<ruby>考え<rt>かんがえ</rt></ruby>られている。
VOICEACTRESS100_045.wav,ヴェーザー自転車道や、ミューレンルートに従った、サイクリングツアーは、ペータースハーゲンを、経由する。,ヴェーザー<ruby>自転<rt>じてん</rt></ruby><ruby>車<rt>しゃ</rt></ruby><ruby>道<rt>どー</rt></ruby>や、ミューレンルートに<ruby>従っ<rt>したがっ</rt></ruby>た、サイクリングツアーは、ペータースハーゲンを、<ruby>経由<rt>けーゆ</rt></ruby>する。
VOICEACTRESS100_046.wav,フォーミュラカーは、通常、オープンホイールで、シングルシーターである。,フォーミュラカーは、<ruby>通常<rt>つーじょー</rt></ruby>、オープンホイールで、シングルシーターである。
VOICEACTRESS100_047.wav,同日朝に、大阪難波で、出発セレモニーが開催され、営業運転に、充当された。,<ruby>同日<rt>どーじつ</rt></ruby><ruby>朝<rt>あさ</rt></ruby>に、<ruby>大阪<rt>おーさか</rt></ruby><ruby>難波<rt>なんば</rt></ruby>で、<ruby>出発<rt>しゅっぱつ</rt></ruby>セレモニーが<ruby>開催<rt>かいさい</rt></ruby>され、<ruby>営業<rt>えーぎょー</rt></ruby><ruby>運転<rt>うんてん</rt></ruby>に、<ruby>充当<rt>じゅーとー</rt></ruby>された。
VOICEACTRESS100_048.wav,そして、インデペンデント紙の、読者投票で選ぶ、プレミアリーグ最優秀ゴールキーパーに選ばれた。,そして、インデペンデント<ruby>紙<rt>し</rt></ruby>の、<ruby>読者<rt>どくしゃ</rt></ruby><ruby>投票<rt>とーひょー</rt></ruby>で<ruby>選ぶ<rt>えらぶ</rt></ruby>、プレミアリーグ<ruby>最<rt>さい</rt></ruby><ruby>優秀<rt>ゆーしゅー</rt></ruby>ゴールキーパーに<ruby>選ば<rt>えらば</rt></ruby>れた。
VOICEACTRESS100_049.wav,プレイヤーキャラクターは、宮殿を占拠した、邪悪なクリーチャーに遭遇する。,プレイヤーキャラクターは、<ruby>宮殿<rt>きゅーでん</rt></ruby>を<ruby>占拠<rt>せんきょ</rt></ruby>した、<ruby>邪悪<rt>じゃあく</rt></ruby>なクリーチャーに<ruby>遭遇<rt>そーぐー</rt></ruby>する。
VOICEACTRESS100_050.wav,フィールドマーケティングは、歴史的には、一方通行のコミュニケーションツールとして、考えられてきた。,フィールドマーケティングは、<ruby>歴史<rt>れきし</rt></ruby><ruby>的<rt>てき</rt></ruby>には、<ruby>一方<rt>いっぽー</rt></ruby><ruby>通行<rt>つーこー</rt></ruby>のコミュニケーションツールとして、<ruby>考え<rt>かんがえ</rt></ruby>られてきた。
VOICEACTRESS100_051.wav,デビュー後の数年間は、ベビーフェイスとして、本名で活動。,デビュー<ruby>後<rt>ご</rt></ruby>の<ruby>数<rt>すー</rt></ruby><ruby>年間<rt>ねんかん</rt></ruby>は、ベビーフェイスとして、<ruby>本名<rt>ほんみょー</rt></ruby>で<ruby>活動<rt>かつどー</rt></ruby>。
VOICEACTRESS100_052.wav,学校や病院などの、給食業務で、栄養素を計算する上で、重要な資料のひとつである。,<ruby>学校<rt>がっこー</rt></ruby>や<ruby>病院<rt>びょーいん</rt></ruby>などの、<ruby>給食<rt>きゅーしょく</rt></ruby><ruby>業務<rt>ぎょーむ</rt></ruby>で、<ruby>栄養<rt>えーよー</rt></ruby><ruby>素<rt>そ</rt></ruby>を<ruby>計算<rt>けーさん</rt></ruby>する<ruby>上<rt>うえ</rt></ruby>で、<ruby>重要<rt>じゅーよー</rt></ruby>な<ruby>資料<rt>しりょー</rt></ruby>のひとつである。
VOICEACTRESS100_053.wav,当時、あやしいワールドに常駐していた擬古猫が、空白にて発表。,<ruby>当時<rt>とーじ</rt></ruby>、あやしいワールドに<ruby>常駐<rt>じょーちゅー</rt></ruby>していた<ruby>擬古<rt>ぎこ</rt></ruby><ruby>猫<rt>ねこ</rt></ruby>が、<ruby>空白<rt>くーはく</rt></ruby>にて<ruby>発表<rt>はっぴょー</rt></ruby>。
VOICEACTRESS100_054.wav,裕福なニューヨーカー達は、グレーヴセンド、競馬場や、シープシェッドベイ、競馬場などに集い、海沿いの高級レストランや、ホテルを利用した。,<ruby>裕福<rt>ゆーふく</rt></ruby>なニューヨーカー<ruby>達<rt>たち</rt></ruby>は、グレーヴセンド、<ruby>競馬<rt>けーば</rt></ruby><ruby>場<rt>じょー</rt></ruby>や、シープシェッドベイ、<ruby>競馬<rt>けーば</rt></ruby><ruby>場<rt>じょー</rt></ruby>などに<ruby>集い<rt>つどい</rt></ruby>、<ruby>海沿い<rt>うみぞい</rt></ruby>の<ruby>高級<rt>こーきゅー</rt></ruby>レストランや、ホテルを<ruby>利用<rt>りよー</rt></ruby>した。
VOICEACTRESS100_055.wav,ウォリアーズミックスマーシャルアーツアカデミー所属。,ウォリアーズミックスマーシャルアーツアカデミー<ruby>所属<rt>しょぞく</rt></ruby>。
VOICEACTRESS100_056.wav,ところが、エリュシクトーンは、ニュムペーの制止も聞かずに、デーメーテールの樫を、切り倒した。,ところが、エリュシクトーンは、ニュムペーの<ruby>制止<rt>せーし</rt></ruby>も<ruby>聞か<rt>きか</rt></ruby>ずに、デーメーテールの<ruby>樫<rt>かし</rt></ruby>を、<ruby>切り倒し<rt>きりたおし</rt></ruby>た。
VOICEACTRESS100_057.wav,このジェシー役でステイモスは、エミー賞にノミネートされたこともある。,このジェシー<ruby>役<rt>やく</rt></ruby>でステイモスは、エミー<ruby>賞<rt>しょー</rt></ruby>にノミネートされたこともある。
VOICEACTRESS100_058.wav,スウェーデン移民の両親の許に、マサチューセッツ州、ケンブリッジにて生まれる。,スウェーデン<ruby>移民<rt>いみん</rt></ruby>の<ruby>両親<rt>りょーしん</rt></ruby>の<ruby>許<rt>もと</rt></ruby>に、マサチューセッツ<ruby>州<rt>しゅー</rt></ruby>、ケンブリッジにて<ruby>生まれる<rt>うまれる</rt></ruby>。
VOICEACTRESS100_059.wav,球宴のファン投票でも、人気が偶像化していた、長嶋茂雄に肉薄する。,<ruby>球宴<rt>きゅーえん</rt></ruby>のファン<ruby>投票<rt>とーひょー</rt></ruby>でも、<ruby>人気<rt>にんき</rt></ruby>が<ruby>偶像<rt>ぐーぞー</rt></ruby><ruby>化<rt>か</rt></ruby>していた、<ruby>長嶋<rt>ながしま</rt></ruby><ruby>茂雄<rt>しげお</rt></ruby>に<ruby>肉薄<rt>にくはく</rt></ruby>する。
VOICEACTRESS100_060.wav,母は、ピーターマリッツバーグの精神病院に入院しているときに、ベッシーを産む。,<ruby>母<rt>はは</rt></ruby>は、ピーターマリッツバーグの<ruby>精神<rt>せーしん</rt></ruby><ruby>病院<rt>びょーいん</rt></ruby>に<ruby>入院<rt>にゅーいん</rt></ruby>しているときに、ベッシーを<ruby>産む<rt>うむ</rt></ruby>。
VOICEACTRESS100_061.wav,ポイントガードから、スモールフォワードまでこなせる、総合力が高いユーティリティープレーヤーである。,ポイントガードから、スモールフォワードまでこなせる、<ruby>総合<rt>そーごー</rt></ruby><ruby>力<rt>りょく</rt></ruby>が<ruby>高い<rt>たかい</rt></ruby>ユーティリティープレーヤーである。
VOICEACTRESS100_062.wav,グレッグは、ミシシッピ州、アバディーンにある、オッドフェローズ墓地に埋葬されることになった。,グレッグは、ミシシッピ<ruby>州<rt>しゅー</rt></ruby>、アバディーンにある、オッドフェローズ<ruby>墓地<rt>ぼち</rt></ruby>に<ruby>埋葬<rt>まいそー</rt></ruby>されることになった。
VOICEACTRESS100_063.wav,大当り終了後は、グラディエーターチャンスに突入する。,<ruby>大当り<rt>おーあたり</rt></ruby><ruby>終了<rt>しゅーりょー</rt></ruby><ruby>後<rt>ご</rt></ruby>は、グラディエーターチャンスに<ruby>突入<rt>とつにゅー</rt></ruby>する。
VOICEACTRESS100_064.wav,この菌による病気は、灰色かび病と名づけられているものが多い。,この<ruby>菌<rt>きん</rt></ruby>による<ruby>病気<rt>びょーき</rt></ruby>は、<ruby>灰色<rt>はいいろ</rt></ruby>かび<ruby>病<rt>びょー</rt></ruby>と<ruby>名づけ<rt>なずけ</rt></ruby>られているものが<ruby>多い<rt>おーい</rt></ruby>。
VOICEACTRESS100_065.wav,レギュラーメンバーの顔写真をクリックした後に、ムービープレイヤー風に再生されるという、特異な形式となっている。,レギュラーメンバーの<ruby>顔<rt>かお</rt></ruby><ruby>写真<rt>しゃしん</rt></ruby>をクリックした<ruby>後<rt>あと</rt></ruby>に、ムービープレイヤー<ruby>風<rt>ふー</rt></ruby>に<ruby>再生<rt>さいせー</rt></ruby>されるという、<ruby>特異<rt>とくい</rt></ruby>な<ruby>形式<rt>けーしき</rt></ruby>となっている。
VOICEACTRESS100_066.wav,肝臓への酸素供給は、肝動脈と、低圧系の門脈を介して、行われている。,<ruby>肝臓<rt>かんぞー</rt></ruby>への<ruby>酸素<rt>さんそ</rt></ruby><ruby>供給<rt>きょーきゅー</rt></ruby>は、<ruby>肝<rt>かん</rt></ruby><ruby>動脈<rt>どーみゃく</rt></ruby>と、<ruby>低圧<rt>てーあつ</rt></ruby><ruby>系<rt>けー</rt></ruby>の<ruby>門脈<rt>もんみゃく</rt></ruby>を<ruby>介し<rt>かいし</rt></ruby>て、<ruby>行わ<rt>おこなわ</rt></ruby>れている。
VOICEACTRESS100_067.wav,デッドキーは、タイプライターや、コンピュータのキーボードにおける、特殊な装飾キーである。,デッドキーは、タイプライターや、コンピュータのキーボードにおける、<ruby>特殊<rt>とくしゅ</rt></ruby>な<ruby>装飾<rt>そーしょく</rt></ruby>キーである。
VOICEACTRESS100_068.wav,シャンシャン馬は、鵜戸神宮へ参拝する、新婚夫婦が乗っていた馬のこと。,シャンシャン<ruby>馬<rt>うま</rt></ruby>は、<ruby>鵜戸<rt>うど</rt></ruby><ruby>神宮<rt>じんぐー</rt></ruby>へ<ruby>参拝<rt>さんぱい</rt></ruby>する、<ruby>新婚<rt>しんこん</rt></ruby><ruby>夫婦<rt>ふーふ</rt></ruby>が<ruby>乗っ<rt>のっ</rt></ruby>ていた<ruby>馬<rt>うま</rt></ruby>のこと。
VOICEACTRESS100_069.wav,ブルーリッジ山脈の源流から、リッチモンドまで、多くの早瀬や淵が、釣りや急流くだりを楽しませてくれる。,ブルーリッジ<ruby>山脈<rt>さんみゃく</rt></ruby>の<ruby>源流<rt>げんりゅー</rt></ruby>から、リッチモンドまで、<ruby>多く<rt>おーく</rt></ruby>の<ruby>早瀬<rt>はやせ</rt></ruby>や<ruby>淵<rt>ふち</rt></ruby>が、<ruby>釣り<rt>つり</rt></ruby>や<ruby>急流<rt>きゅーりゅー</rt></ruby>くだりを<ruby>楽しま<rt>たのしま</rt></ruby>せてくれる。
VOICEACTRESS100_070.wav,ボーハンは、イーストマンら、ギャングのスピークイージーの上がりから、賄賂を取っていたとも噂された。,ボーハンは、イーストマンら、ギャングのスピークイージーの<ruby>上がり<rt>あがり</rt></ruby>から、<ruby>賄賂<rt>わいろ</rt></ruby>を<ruby>取っ<rt>とっ</rt></ruby>ていたとも<ruby>噂<rt>うわさ</rt></ruby>された。
VOICEACTRESS100_071.wav,ペンシルベニア州、フィラデルフィアの郊外、ウィンレッドのレンキナウ病院で生まれた。,ペンシルベニア<ruby>州<rt>しゅー</rt></ruby>、フィラデルフィアの<ruby>郊外<rt>こーがい</rt></ruby>、ウィンレッドのレンキナウ<ruby>病院<rt>びょーいん</rt></ruby>で<ruby>生まれ<rt>うまれ</rt></ruby>た。
VOICEACTRESS100_072.wav,ブラッグは、ビューエル軍よりも、劣勢だったために、この機会を生かすことを躊躇した。,ブラッグは、ビューエル<ruby>軍<rt>ぐん</rt></ruby>よりも、<ruby>劣勢<rt>れっせー</rt></ruby>だったために、この<ruby>機会<rt>きかい</rt></ruby>を<ruby>生かす<rt>いかす</rt></ruby>ことを<ruby>躊躇<rt>ちゅーちょ</rt></ruby>した。
VOICEACTRESS100_073.wav,上院議員として、バーンウェルは、カリフォルニア州の、連邦加入に賛成した。,<ruby>上院<rt>じょーいん</rt></ruby><ruby>議員<rt>ぎいん</rt></ruby>として、バーンウェルは、カリフォルニア<ruby>州<rt>しゅー</rt></ruby>の、<ruby>連邦<rt>れんぽー</rt></ruby><ruby>加入<rt>かにゅー</rt></ruby>に<ruby>賛成<rt>さんせー</rt></ruby>した。
VOICEACTRESS100_074.wav,レジェンドシリーズをベースに、ヨーフリー機構を備えた、ビューカメラ。,レジェンドシリーズをベースに、ヨーフリー<ruby>機構<rt>きこー</rt></ruby>を<ruby>備え<rt>そなえ</rt></ruby>た、ビューカメラ。
VOICEACTRESS100_075.wav,楽曲のセンターポジションは、エーケービーフォーティーエイトの、高橋みなみが務めた。,<ruby>楽曲<rt>がっきょく</rt></ruby>のセンターポジションは、エーケービーフォーティーエイトの、<ruby>高橋<rt>たかはし</rt></ruby>みなみが<ruby>務め<rt>つとめ</rt></ruby>た。
VOICEACTRESS100_076.wav,ディオニューソスの、寵愛を受ける、オイネウス王と、妃、アルタイアーの間に、カリュドーンの王女として、生を受けた。,ディオニューソスの、<ruby>寵愛<rt>ちょーあい</rt></ruby>を<ruby>受ける<rt>うける</rt></ruby>、オイネウス<ruby>王<rt>おー</rt></ruby>と、<ruby>妃<rt>ひ</rt></ruby>、アルタイアーの<ruby>間<rt>あいだ</rt></ruby>に、カリュドーンの<ruby>王女<rt>おーじょ</rt></ruby>として、<ruby>生<rt>なま</rt></ruby>を<ruby>受け<rt>うけ</rt></ruby>た。
VOICEACTRESS100_077.wav,大西洋上の、巡航高度から、動力なしで、地上へ滑空飛行し、緊急着陸に成功した。,<ruby>大西<rt>たいせー</rt></ruby><ruby>洋上<rt>よーじょー</rt></ruby>の、<ruby>巡航<rt>じゅんこー</rt></ruby><ruby>高度<rt>こーど</rt></ruby>から、<ruby>動力<rt>どーりょく</rt></ruby>なしで、<ruby>地上<rt>ちじょー</rt></ruby>へ<ruby>滑空<rt>かっくー</rt></ruby><ruby>飛行<rt>ひこー</rt></ruby>し、<ruby>緊急<rt>きんきゅー</rt></ruby><ruby>着陸<rt>ちゃくりく</rt></ruby>に<ruby>成功<rt>せーこー</rt></ruby>した。
VOICEACTRESS100_078.wav,表現行列の指標表を、分子の対称性を表す、点群の指標表を用いて、既約表現へ分解する。,<ruby>表現<rt>ひょーげん</rt></ruby><ruby>行列<rt>ぎょーれつ</rt></ruby>の<ruby>指標<rt>しひょー</rt></ruby><ruby>表<rt>ひょー</rt></ruby>を、<ruby>分子<rt>ぶんし</rt></ruby>の<ruby>対称<rt>たいしょー</rt></ruby><ruby>性<rt>せー</rt></ruby>を<ruby>表す<rt>あらわす</rt></ruby>、<ruby>点<rt>てん</rt></ruby><ruby>群<rt>ぐん</rt></ruby>の<ruby>指標<rt>しひょー</rt></ruby><ruby>表<rt>ひょー</rt></ruby>を<ruby>用い<rt>もちー</rt></ruby>て、<ruby>既約<rt>きやく</rt></ruby><ruby>表現<rt>ひょーげん</rt></ruby>へ<ruby>分解<rt>ぶんかい</rt></ruby>する。
VOICEACTRESS100_079.wav,大洋漁業オーナーの、中部謙吉の命を受けて、プロ野球球団の、大洋ホエールズに関わる。,<ruby>大洋<rt>たいよー</rt></ruby><ruby>漁業<rt>ぎょぎょー</rt></ruby>オーナーの、<ruby>中部<rt>なかべ</rt></ruby><ruby>謙吉<rt>けんきち</rt></ruby>の<ruby>命<rt>いのち</rt></ruby>を<ruby>受け<rt>うけ</rt></ruby>て、プロ<ruby>野球<rt>やきゅー</rt></ruby><ruby>球団<rt>きゅーだん</rt></ruby>の、<ruby>大洋<rt>たいよー</rt></ruby>ホエールズに<ruby>関わる<rt>かかわる</rt></ruby>。
VOICEACTRESS100_080.wav,かすかに聞こえてくる1931年版の讃美歌が、次第に大きくなっていく。,かすかに<ruby>聞こえ<rt>きこえ</rt></ruby>てくる1931<ruby>年<rt>ねん</rt></ruby><ruby>版<rt>ばん</rt></ruby>の<ruby>讃美<rt>さんび</rt></ruby><ruby>歌<rt>か</rt></ruby>が、<ruby>次第<rt>しだい</rt></ruby>に<ruby>大きく<rt>おーきく</rt></ruby>なっていく。
VOICEACTRESS100_081.wav,モーイーデーン岩壁地域の上部は、プラーサートプラウィハーン寺院遺跡へ繋がる、タイ側参道に続いている。,モーイーデーン<ruby>岩壁<rt>がんぺき</rt></ruby><ruby>地域<rt>ちいき</rt></ruby>の<ruby>上部<rt>じょーぶ</rt></ruby>は、プラーサートプラウィハーン<ruby>寺院<rt>じいん</rt></ruby><ruby>遺跡<rt>いせき</rt></ruby>へ<ruby>繋がる<rt>つながる</rt></ruby>、タイ<ruby>側<rt>がわ</rt></ruby><ruby>参道<rt>さんどー</rt></ruby>に<ruby>続い<rt>つずい</rt></ruby>ている。
VOICEACTRESS100_082.wav,カーミラ星と呼ばれている惑星から、宇宙船に乗って、地球に侵入した宇宙人。,カーミラ<ruby>星<rt>せー</rt></ruby>と<ruby>呼ば<rt>よば</rt></ruby>れている<ruby>惑星<rt>わくせー</rt></ruby>から、<ruby>宇宙<rt>うちゅー</rt></ruby><ruby>船<rt>せん</rt></ruby>に<ruby>乗っ<rt>のっ</rt></ruby>て、<ruby>地球<rt>ちきゅー</rt></ruby>に<ruby>侵入<rt>しんにゅー</rt></ruby>した<ruby>宇宙<rt>うちゅー</rt></ruby><ruby>人<rt>にん</rt></ruby>。
VOICEACTRESS100_083.wav,ドッガーバンクは、タラやニシンの漁獲量が多い、重要な、漁場である。,ドッガーバンクは、タラやニシンの<ruby>漁獲<rt>ぎょかく</rt></ruby><ruby>量<rt>りょー</rt></ruby>が<ruby>多い<rt>おーい</rt></ruby>、<ruby>重要<rt>じゅーよー</rt></ruby>な、<ruby>漁場<rt>ぎょば</rt></ruby>である。
VOICEACTRESS100_084.wav,少年時代は、ロシア帝国、チェルニーヒウ県、プルィルークィ郡、トロスチャヌィーツャ村で過ごした。,<ruby>少年<rt>しょーねん</rt></ruby><ruby>時代<rt>じだい</rt></ruby>は、ロシア<ruby>帝国<rt>てーこく</rt></ruby>、チェルニーヒウ<ruby>県<rt>けん</rt></ruby>、プルィルークィ<ruby>郡<rt>ぐん</rt></ruby>、トロスチャヌィーツャ<ruby>村<rt>むら</rt></ruby>で<ruby>過ごし<rt>すごし</rt></ruby>た。
VOICEACTRESS100_085.wav,遺灰のほとんどは、スウェーデン西海岸の、ブーヒュースレーン地方の小島にある漁村、フヤルバッカ周辺の海に、散骨された。,<ruby>遺灰<rt>いかい</rt></ruby>のほとんどは、スウェーデン<ruby>西<rt>にし</rt></ruby><ruby>海岸<rt>かいがん</rt></ruby>の、ブーヒュースレーン<ruby>地方<rt>ちほー</rt></ruby>の<ruby>小島<rt>こじま</rt></ruby>にある<ruby>漁村<rt>ぎょそん</rt></ruby>、フヤルバッカ<ruby>周辺<rt>しゅーへん</rt></ruby>の<ruby>海<rt>うみ</rt></ruby>に、<ruby>散骨<rt>さんこつ</rt></ruby>された。
VOICEACTRESS100_086.wav,国境を越えて、列車は、改良された在来線に沿って、アーヘン中央駅に向かう。,<ruby>国境<rt>こっきょー</rt></ruby>を<ruby>越え<rt>こえ</rt></ruby>て、<ruby>列車<rt>れっしゃ</rt></ruby>は、<ruby>改良<rt>かいりょー</rt></ruby>された<ruby>在来<rt>ざいらい</rt></ruby><ruby>線<rt>せん</rt></ruby>に<ruby>沿っ<rt>そっ</rt></ruby>て、アーヘン<ruby>中央<rt>ちゅーおー</rt></ruby><ruby>駅<rt>えき</rt></ruby>に<ruby>向かう<rt>むかう</rt></ruby>。
VOICEACTRESS100_087.wav,福岡ダイエーホークスではなく、長距離砲の補強を目指していた、大阪近鉄バファローズから、オファーを受けて入団。,<ruby>福岡<rt>ふくおか</rt></ruby>ダイエーホークスではなく、<ruby>長<rt>ちょー</rt></ruby><ruby>距離<rt>きょり</rt></ruby><ruby>砲<rt>ほー</rt></ruby>の<ruby>補強<rt>ほきょー</rt></ruby>を<ruby>目指し<rt>めざし</rt></ruby>ていた、<ruby>大阪<rt>おーさか</rt></ruby><ruby>近鉄<rt>きんてつ</rt></ruby>バファローズから、オファーを<ruby>受け<rt>うけ</rt></ruby>て<ruby>入団<rt>にゅーだん</rt></ruby>。
VOICEACTRESS100_088.wav,そこには、百ドル札と、アメリカに来いという、短いメッセージだけだった。,そこには、<ruby>百<rt>ひゃく</rt></ruby>ドル<ruby>札<rt>さつ</rt></ruby>と、アメリカに<ruby>来い<rt>こい</rt></ruby>という、<ruby>短い<rt>みじかい</rt></ruby>メッセージだけだった。
VOICEACTRESS100_089.wav,現在は、バッハをモチーフとした、ハープシコードの作曲家として、記憶されている。,<ruby>現在<rt>げんざい</rt></ruby>は、バッハをモチーフとした、ハープシコードの<ruby>作曲<rt>さっきょく</rt></ruby><ruby>家<rt>か</rt></ruby>として、<ruby>記憶<rt>きおく</rt></ruby>されている。
VOICEACTRESS100_090.wav,戦闘服は、両腕を露出し、両脚が、アンダースーツで覆われている。,<ruby>戦闘<rt>せんとー</rt></ruby><ruby>服<rt>ふく</rt></ruby>は、<ruby>両腕<rt>りょーうで</rt></ruby>を<ruby>露出<rt>ろしゅつ</rt></ruby>し、<ruby>両脚<rt>りょーあし</rt></ruby>が、アンダースーツで<ruby>覆わ<rt>おーわ</rt></ruby>れている。
VOICEACTRESS100_091.wav,同母姉に、スウェーデン王妃、ジョゼフィーヌがいる。,<ruby>同母<rt>どーぼ</rt></ruby><ruby>姉<rt>あね</rt></ruby>に、スウェーデン<ruby>王妃<rt>おーひ</rt></ruby>、ジョゼフィーヌがいる。
VOICEACTRESS100_092.wav,紫外線は、表面エネルギーの、小さいポリマーを接着する際の、前処理に利用される。,<ruby>紫外<rt>しがい</rt></ruby><ruby>線<rt>せん</rt></ruby>は、<ruby>表面<rt>ひょーめん</rt></ruby>エネルギーの、<ruby>小さい<rt>ちーさい</rt></ruby>ポリマーを<ruby>接着<rt>せっちゃく</rt></ruby>する<ruby>際<rt>さい</rt></ruby>の、<ruby>前<rt>ぜん</rt></ruby><ruby>処理<rt>しょり</rt></ruby>に<ruby>利用<rt>りよー</rt></ruby>される。
VOICEACTRESS100_093.wav,自身のページで、メッセージや、公開コメントを通して、レビューを投稿したユーザーと、コミュニケーションを取ることが可能である。,<ruby>自身<rt>じしん</rt></ruby>のページで、メッセージや、<ruby>公開<rt>こーかい</rt></ruby>コメントを<ruby>通し<rt>とーし</rt></ruby>て、レビューを<ruby>投稿<rt>とーこー</rt></ruby>したユーザーと、コミュニケーションを<ruby>取る<rt>とる</rt></ruby>ことが<ruby>可能<rt>かのー</rt></ruby>である。
VOICEACTRESS100_094.wav,若き日の反逆ゆえに、宇宙の中央を追放されて、惑星、地球にやってきた主人公、ベルゼバブが、宇宙船カルナークのなかで、孫に語る壮大な物語。,<ruby>若き<rt>わかき</rt></ruby><ruby>日<rt>ひ</rt></ruby>の<ruby>反逆<rt>はんぎゃく</rt></ruby>ゆえに、<ruby>宇宙<rt>うちゅー</rt></ruby>の<ruby>中央<rt>ちゅーおー</rt></ruby>を<ruby>追放<rt>ついほー</rt></ruby>されて、<ruby>惑星<rt>わくせー</rt></ruby>、<ruby>地球<rt>ちきゅー</rt></ruby>にやってきた<ruby>主人<rt>しゅじん</rt></ruby><ruby>公<rt>こー</rt></ruby>、ベルゼバブが、<ruby>宇宙<rt>うちゅー</rt></ruby><ruby>船<rt>せん</rt></ruby>カルナークのなかで、<ruby>孫<rt>まご</rt></ruby>に<ruby>語る<rt>かたる</rt></ruby><ruby>壮大<rt>そーだい</rt></ruby>な<ruby>物語<rt>ものがたり</rt></ruby>。
VOICEACTRESS100_095.wav,ジャガーとは対照的に、ボディービルダーを髣髴とさせる、マッチョな体育会系の外見が特徴。,ジャガーとは<ruby>対照<rt>たいしょー</rt></ruby><ruby>的<rt>てき</rt></ruby>に、ボディービルダーを<ruby>髣髴<rt>ほーふつ</rt></ruby>とさせる、マッチョな<ruby>体育<rt>たいいく</rt></ruby><ruby>会<rt>かい</rt></ruby><ruby>系<rt>けー</rt></ruby>の<ruby>外見<rt>がいけん</rt></ruby>が<ruby>特徴<rt>とくちょー</rt></ruby>。
VOICEACTRESS100_096.wav,ペンシルベニア州、ピッツバーグの、アレゲーニー高校を卒業し、カリフォルニア大学、バークレー校に入学。,ペンシルベニア<ruby>州<rt>しゅー</rt></ruby>、ピッツバーグの、アレゲーニー<ruby>高校<rt>こーこー</rt></ruby>を<ruby>卒業<rt>そつぎょー</rt></ruby>し、カリフォルニア<ruby>大学<rt>だいがく</rt></ruby>、バークレー<ruby>校<rt>こー</rt></ruby>に<ruby>入学<rt>にゅーがく</rt></ruby>。
VOICEACTRESS100_097.wav,この概念の導入によって、様々なバリエーションの、流体のコンピューターシミュレーションが、高い精度で可能となった。,この<ruby>概念<rt>がいねん</rt></ruby>の<ruby>導入<rt>どーにゅー</rt></ruby>によって、<ruby>様々<rt>さまざま</rt></ruby>なバリエーションの、<ruby>流体<rt>りゅーたい</rt></ruby>のコンピューターシミュレーションが、<ruby>高い<rt>たかい</rt></ruby><ruby>精度<rt>せーど</rt></ruby>で<ruby>可能<rt>かのー</rt></ruby>となった。
VOICEACTRESS100_098.wav,乾ドックに入渠して、オーバーホールすべきかどうか、パフォーマンスがチェックされた。,<ruby>乾<rt>かん</rt></ruby>ドックに<ruby>入渠<rt>にゅーきょ</rt></ruby>して、オーバーホールすべきかどうか、パフォーマンスがチェックされた。
VOICEACTRESS100_099.wav,デビューウェイトは、スーパーバンタム級ではなく、フェザー級だった。,デビューウェイトは、スーパーバンタム<ruby>級<rt>きゅー</rt></ruby>ではなく、フェザー<ruby>級<rt>きゅー</rt></ruby>だった。
VOICEACTRESS100_100.wav,アーリーは、降雨の中を、南のバージニア州、ウィンチェスター近くの、フィッシャーズヒルまで、軍を退いた。,アーリーは、<ruby>降雨<rt>こーう</rt></ruby>の<ruby>中<rt>なか</rt></ruby>を、<ruby>南<rt>みなみ</rt></ruby>のバージニア<ruby>州<rt>しゅー</rt></ruby>、ウィンチェスター<ruby>近く<rt>ちかく</rt></ruby>の、フィッシャーズヒルまで、<ruby>軍<rt>ぐん</rt></ruby>を<ruby>退い<rt>しりぞい</rt></ruby>た。
