audio,text
VOICEACTRESS100_001.wav,また、東寺のように、五大明王と呼ばれる、主要な明王の中央に配されることも多い。
VOICEACTRESS100_002.wav,ニューイングランド風は、牛乳をベースとした、白いクリームスープであり、ボストンクラムチャウダーとも呼ばれる。
VOICEACTRESS100_003.wav,コンピュータゲームのメーカーや、業界団体などに関連する人物のカテゴリ。
VOICEACTRESS100_004.wav,サービスマネージャー導入駅のため、大井町駅から、遠隔管理している。
VOICEACTRESS100_005.wav,シルバーサーファー襲撃事件までに、リチャーズは、チーム名と共に、国際的にスーパーヒーロー、および、有名人として、認知されている。
VOICEACTRESS100_006.wav,ツュレンハルト領は、ヴュルテンベルク領に編入された。
VOICEACTRESS100_007.wav,時間領域と、空間領域で共通する処理手法は、フィルタリングによる、入力信号の強化である。
VOICEACTRESS100_008.wav,シャンチーの専業プロは、チームから支払われる給料と、対局費を、主な収入としている。
VOICEACTRESS100_009.wav,また禰寝氏は、中山王の治める、琉球王国との交易にも参加した。
VOICEACTRESS100_010.wav,スマートフォンから、フィーチャーフォンまで、マルチデバイスに対応。
VOICEACTRESS100_011.wav,軽妙洒脱なナレーションから、情緒感溢れる語りまで、幅広い表現力を持つ。
VOICEACTRESS100_012.wav,構造は、鋼製の単一アーチで、橋脚は、石積みである。
VOICEACTRESS100_013.wav,そこへ、オーナーが新しいシェフとして、腕利きのヒョヌクを招く。
VOICEACTRESS100_014.wav,クィーンズアベニューアルファに所属している。
VOICEACTRESS100_015.wav,一方で、漁業と商業で、リャネス港は繁栄していた。
VOICEACTRESS100_016.wav,この、ニューサウスウェールズ代表チームが、ワラビーズの中核となって行く。
VOICEACTRESS100_017.wav,ただし、ギャンブル依存症の入院治療を行っている病院は、わずかである。
VOICEACTRESS100_018.wav,他のメジャーなディストリビューションに比べ、セキュリティー上の問題の修正が、遅い場合もある。
VOICEACTRESS100_019.wav,ベルガートーア前の、ヴェディゲンウーファーパークには、戦争と弾圧の犠牲者のための記念碑が建っている。
VOICEACTRESS100_020.wav,全米パブリッシャーズ協会の、ベストストラテジーゲームオブザイヤーを、日本人として受賞。
VOICEACTRESS100_021.wav,痛みは、点滴より鎮痛薬を、静脈投与することで、鎮痛を行う。
VOICEACTRESS100_022.wav,このときに、浮遊大陸プルヴァマにある、中立国、ビュエルバが、ある情報筋から、バッシュ将軍の処刑と、前王女、アーシェの自害を発表。
VOICEACTRESS100_023.wav,南西部ウォーレンは、ベイアーマンファームズと、フィッツジェラルドの地区で、構成される。
VOICEACTRESS100_024.wav,このため、プラズマ中のイオンや、電子の持つ、平均運動エネルギーを、温度で表現することがある。
VOICEACTRESS100_025.wav,その飄々とした人柄が、老若男女に慕われている。
VOICEACTRESS100_026.wav,現在、ニュージャージー州、ムーアズタウンに住んでいる。
VOICEACTRESS100_027.wav,町域にあった、三根山藩は、長岡藩に、米百俵を送ったことで有名。
VOICEACTRESS100_028.wav,このとき、ペリメーデーは、アムピクトリュオーンに同行して、テーバイに来ていた、リキュムニオスに、妻としてあたえられた。
VOICEACTRESS100_029.wav,現在の滑走を目的とした、スキーブーツは、硬いプラスチックシェルと、柔らかいインナーブーツからなる。
VOICEACTRESS100_030.wav,防氷ブーツは、表面に張られた、ゴム製の薄い膜でできている。
VOICEACTRESS100_031.wav,後者の代表が、ウェッジウッドの、ジャスパーウェアである。
VOICEACTRESS100_032.wav,キー局が発信する、ニュースネットワーク名を冠したタイトルの、ニュース番組の中では、レギュラー放送が、最も多い。
VOICEACTRESS100_033.wav,芸能プロダクション、アミューズのグループ企業。
VOICEACTRESS100_034.wav,長母音を省略して、エリュシオンとも表記される。
VOICEACTRESS100_035.wav,森永のおいしい牛乳は、濃い青色に、牛乳瓶をあしらったデザインの、パック牛乳である。
VOICEACTRESS100_036.wav,番組冒頭を、東京ムービー製作のアニメーションで、表現する点も、共通していた。
VOICEACTRESS100_037.wav,コミューンは、セーヌ川と、エソンヌ川の、合流地点となっている。
VOICEACTRESS100_038.wav,同時に、福井ミラクルエレファンツに、コーチ兼任で、入団することが発表された。
VOICEACTRESS100_039.wav,夫である小室が、救急車を呼び、都内病院に、緊急搬送される。
VOICEACTRESS100_040.wav,ギレスピーは、マッギーを通じて、イネスと知り合った。
VOICEACTRESS100_041.wav,フォンテーヌブロー様式では、寓意的な絵が、漆喰のモールドに使われている。
VOICEACTRESS100_042.wav,祭神は、ヴィシュヌ派の聖人、スワーミーナーラーヤン。
VOICEACTRESS100_043.wav,ハーデースが、ペルセポネーに恋をしたのは、アプロディーテーの、策略であるとされている。
VOICEACTRESS100_044.wav,クウェーンバーンチャーンは、小さなコミュニティーで、農業や、商業を中心に、成り立っていたと、考えられている。
VOICEACTRESS100_045.wav,ヴェーザー自転車道や、ミューレンルートに従った、サイクリングツアーは、ペータースハーゲンを、経由する。
VOICEACTRESS100_046.wav,フォーミュラカーは、通常、オープンホイールで、シングルシーターである。
VOICEACTRESS100_047.wav,同日朝に、大阪難波で、出発セレモニーが開催され、営業運転に、充当された。
VOICEACTRESS100_048.wav,そして、インデペンデント紙の、読者投票で選ぶ、プレミアリーグ最優秀ゴールキーパーに選ばれた。
VOICEACTRESS100_049.wav,プレイヤーキャラクターは、宮殿を占拠した、邪悪なクリーチャーに遭遇する。
VOICEACTRESS100_050.wav,フィールドマーケティングは、歴史的には、一方通行のコミュニケーションツールとして、考えられてきた。
VOICEACTRESS100_051.wav,デビュー後の数年間は、ベビーフェイスとして、本名で活動。
VOICEACTRESS100_052.wav,学校や病院などの、給食業務で、栄養素を計算する上で、重要な資料のひとつである。
VOICEACTRESS100_053.wav,当時、あやしいワールドに常駐していた擬古猫が、空白にて発表。
VOICEACTRESS100_054.wav,裕福なニューヨーカー達は、グレーヴセンド、競馬場や、シープシェッドベイ、競馬場などに集い、海沿いの高級レストランや、ホテルを利用した。
VOICEACTRESS100_055.wav,ウォリアーズミックスマーシャルアーツアカデミー所属。
VOICEACTRESS100_056.wav,ところが、エリュシクトーンは、ニュムペーの制止も聞かずに、デーメーテールの樫を、切り倒した。
VOICEACTRESS100_057.wav,このジェシー役でステイモスは、エミー賞にノミネートされたこともある。
VOICEACTRESS100_058.wav,スウェーデン移民の両親の許に、マサチューセッツ州、ケンブリッジにて生まれる。
VOICEACTRESS100_059.wav,球宴のファン投票でも、人気が偶像化していた、長嶋茂雄に肉薄する。
VOICEACTRESS100_060.wav,母は、ピーターマリッツバーグの精神病院に入院しているときに、ベッシーを産む。
VOICEACTRESS100_061.wav,ポイントガードから、スモールフォワードまでこなせる、総合力が高いユーティリティープレーヤーである。
VOICEACTRESS100_062.wav,グレッグは、ミシシッピ州、アバディーンにある、オッドフェローズ墓地に埋葬されることになった。
VOICEACTRESS100_063.wav,大当り終了後は、グラディエーターチャンスに突入する。
VOICEACTRESS100_064.wav,この菌による病気は、灰色かび病と名づけられているものが多い。
VOICEACTRESS100_065.wav,レギュラーメンバーの顔写真をクリックした後に、ムービープレイヤー風に再生されるという、特異な形式となっている。
VOICEACTRESS100_066.wav,肝臓への酸素供給は、肝動脈と、低圧系の門脈を介して、行われている。
VOICEACTRESS100_067.wav,デッドキーは、タイプライターや、コンピュータのキーボードにおける、特殊な装飾キーである。
VOICEACTRESS100_068.wav,シャンシャン馬は、鵜戸神宮へ参拝する、新婚夫婦が乗っていた馬のこと。
VOICEACTRESS100_069.wav,ブルーリッジ山脈の源流から、リッチモンドまで、多くの早瀬や淵が、釣りや急流くだりを楽しませてくれる。
VOICEACTRESS100_070.wav,ボーハンは、イーストマンら、ギャングのスピークイージーの上がりから、賄賂を取っていたとも噂された。
VOICEACTRESS100_071.wav,ペンシルベニア州、フィラデルフィアの郊外、ウィンレッドのレンキナウ病院で生まれた。
VOICEACTRESS100_072.wav,ブラッグは、ビューエル軍よりも、劣勢だったために、この機会を生かすことを躊躇した。
VOICEACTRESS100_073.wav,上院議員として、バーンウェルは、カリフォルニア州の、連邦加入に賛成した。
VOICEACTRESS100_074.wav,レジェンドシリーズをベースに、ヨーフリー機構を備えた、ビューカメラ。
VOICEACTRESS100_075.wav,楽曲のセンターポジションは、エーケービーフォーティーエイトの、高橋みなみが務めた。
VOICEACTRESS100_076.wav,ディオニューソスの、寵愛を受ける、オイネウス王と、妃、アルタイアーの間に、カリュドーンの王女として、生を受けた。
VOICEACTRESS100_077.wav,大西洋上の、巡航高度から、動力なしで、地上へ滑空飛行し、緊急着陸に成功した。
VOICEACTRESS100_078.wav,表現行列の指標表を、分子の対称性を表す、点群の指標表を用いて、既約表現へ分解する。
VOICEACTRESS100_079.wav,大洋漁業オーナーの、中部謙吉の命を受けて、プロ野球球団の、大洋ホエールズに関わる。
VOICEACTRESS100_080.wav,かすかに聞こえてくる1931年版の讃美歌が、次第に大きくなっていく。
VOICEACTRESS100_081.wav,モーイーデーン岩壁地域の上部は、プラーサートプラウィハーン寺院遺跡へ繋がる、タイ側参道に続いている。
VOICEACTRESS100_082.wav,カーミラ星と呼ばれている惑星から、宇宙船に乗って、地球に侵入した宇宙人。
VOICEACTRESS100_083.wav,ドッガーバンクは、タラやニシンの漁獲量が多い、重要な、漁場である。
VOICEACTRESS100_084.wav,少年時代は、ロシア帝国、チェルニーヒウ県、プルィルークィ郡、トロスチャヌィーツャ村で過ごした。
VOICEACTRESS100_085.wav,遺灰のほとんどは、スウェーデン西海岸の、ブーヒュースレーン地方の小島にある漁村、フヤルバッカ周辺の海に、散骨された。
VOICEACTRESS100_086.wav,国境を越えて、列車は、改良された在来線に沿って、アーヘン中央駅に向かう。
VOICEACTRESS100_087.wav,福岡ダイエーホークスではなく、長距離砲の補強を目指していた、大阪近鉄バファローズから、オファーを受けて入団。
VOICEACTRESS100_088.wav,そこには、百ドル札と、アメリカに来いという、短いメッセージだけだった。
VOICEACTRESS100_089.wav,現在は、バッハをモチーフとした、ハープシコードの作曲家として、記憶されている。
VOICEACTRESS100_090.wav,戦闘服は、両腕を露出し、両脚が、アンダースーツで覆われている。
VOICEACTRESS100_091.wav,同母姉に、スウェーデン王妃、ジョゼフィーヌがいる。
VOICEACTRESS100_092.wav,紫外線は、表面エネルギーの、小さいポリマーを接着する際の、前処理に利用される。
VOICEACTRESS100_093.wav,自身のページで、メッセージや、公開コメントを通して、レビューを投稿したユーザーと、コミュニケーションを取ることが可能である。
VOICEACTRESS100_094.wav,若き日の反逆ゆえに、宇宙の中央を追放されて、惑星、地球にやってきた主人公、ベルゼバブが、宇宙船カルナークのなかで、孫に語る壮大な物語。
VOICEACTRESS100_095.wav,ジャガーとは対照的に、ボディービルダーを髣髴とさせる、マッチョな体育会系の外見が特徴。
VOICEACTRESS100_096.wav,ペンシルベニア州、ピッツバーグの、アレゲーニー高校を卒業し、カリフォルニア大学、バークレー校に入学。
VOICEACTRESS100_097.wav,この概念の導入によって、様々なバリエーションの、流体のコンピューターシミュレーションが、高い精度で可能となった。
VOICEACTRESS100_098.wav,乾ドックに入渠して、オーバーホールすべきかどうか、パフォーマンスがチェックされた。
VOICEACTRESS100_099.wav,デビューウェイトは、スーパーバンタム級ではなく、フェザー級だった。
VOICEACTRESS100_100.wav,アーリーは、降雨の中を、南のバージニア州、ウィンチェスター近くの、フィッシャーズヒルまで、軍を退いた。
